degrees,mse_values
1,0.1086135905896005
2,0.09848408595259855
3,0.057927905906746874
4,0.030185089437853318
